Workbook

Sheet Empresas con coordenadas
F1: 2018 | R1: 2019 | AD1: 2020 | AP1: 2021 | BB1: 2022 | BI1: Cifras anuales
A2: EMPRESA | B2: Latitud | C2: Longitud | D2: localidad | E2: provincia | F2: enero | G2: febrero | H2: marzo | I2: abril | J2: mayo | K2: junio | L2: julio | M2: agosto | N2: septiembre | O2: octubre | P2: noviembre | Q2: diciembre | R2: enero | S2: febrero | T2: marzo | U2: abril | V2: mayo | W2: junio | X2: julio | Y2: agosto | Z2: septiembre | AA2: octubre | AB2: noviembre | AC2: diciembre | AD2: enero | AE2: febrero | AF2: marzo | AG2: abril | AH2: mayo | AI2: junio | AJ2: julio | AK2: agosto | AL2: septiembre | AM2: octubre | AN2: noviembre | AO2: diciembre | AP2: enero | AQ2: febrero | AR2: marzo | AS2: abril | AT2: mayo | AU2: junio | AV2: julio | AW2: agosto | AX2: septiembre | AY2: octubre | AZ2: noviembre | BA2: diciembre | BB2: enero | BC2: febrero | BD2: marzo | BE2: abril | BF2: mayo | BG2: junio | BJ2: 2018 | BK2: 2019 | BL2: 2020 | BM2: 2021
A3: 1 | B3: 43.0349 | C3: -3.00131 | D3: Amurrio | E3: Alava | F3: 7779 | G3: 8650 | H3: 8838 | I3: 8262 | J3: 9589 | K3: 7861 | L3: 7833 | M3: 0 | N3: 7393 | O3: 7848 | P3: 7171 | Q3: 4649 | R3: 7779 | S3: 7648 | T3: 7352 | U3: 7422 | V3: 9901 | W3: 8919 | X3: 8043 | Y3: 0 | Z3: 8480 | AA3: 7440 | AB3: 6916 | AC3: 3999 | AD3: 6358 | AE3: 6515 | AF3: 7352 | AG3: 4412 | AH3: 3098 | AI3: 3584 | AJ3: 5631 | AK3: 0 | AL3: 8480 | AM3: 7440 | AN3: 7440 | AO3: 7440 | AP3: 7440 | AQ3: 7440 | AR3: 4648 | AS3: 0 | AT3: 0 | AU3: 0 | AV3: 0 | AW3: 0 | AX3: 0 | AY3: 0 | AZ3: 0 | BA3: 0 | BB3: 6087 | BC3: 5984 | BD3: 5753 | BE3: 5808 | BF3: 7747 | BG3: 6979 | BJ3: =+SUM(F3:Q3) -> 85873 | BK3: =+SUM(R3:AC3) -> 83899 | BL3: =+SUM(AD3:AO3) -> 67750 | BM3: =+SUM(AP3:BA3) -> 19528
A4: 2 | B4: 43.295011 | C4: -2.91 | D4: Loiu | E4: Vizcaya | F4: 10511 | G4: 10035 | H4: 9363 | I4: 9355 | J4: 12406 | K4: 10863 | L4: 8644 | M4: 0 | N4: 8803 | O4: 9921 | P4: 9033 | Q4: 6418 | R4: 9717 | S4: 8589 | T4: 7430 | U4: 8235 | V4: 10506 | W4: 10387 | X4: 7225 | Y4: 0 | Z4: 8399 | AA4: 8148 | AB4: 6700 | AC4: 4893 | AD4: 7175 | AE4: 6679 | AF4: 7590 | AG4: 5244 | AH4: 8212 | AI4: 9555 | AJ4: 10573 | AK4: 0 | AL4: 9501 | AM4: 10012 | AN4: 10009 | AO4: 8058 | AP4: 9782 | AQ4: 10217 | AR4: 11469 | AS4: 8967 | AT4: 9788 | AU4: 9101 | AV4: 12648 | AW4: 0 | AX4: 9480 | AY4: 8953 | AZ4: 9751 | BA4: 6560 | BB4: 10855 | BC4: 10172 | BD4: 9760 | BE4: 6955 | BF4: 10784 | BG4: 11047 | BJ4: =+SUM(F4:Q4) -> 105352 | BK4: =+SUM(R4:AC4) -> 90229 | BL4: =+SUM(AD4:AO4) -> 92608 | BM4: =+SUM(AP4:BA4) -> 106716
A5: 3 | B5: 43.041698 | C5: -2.2160007 | D5: Olaberría | E5: Guipuzcoa | F5: 81338 | G5: 79416 | H5: 85121 | I5: 76612 | J5: 97937 | K5: 92810 | L5: 59380 | M5: 81648 | N5: 95199 | O5: 97804 | P5: 94850 | Q5: 78056 | R5: 92957 | S5: 93110 | T5: 101407 | U5: 82455 | V5: 92583 | W5: 94957 | X5: 80964 | Y5: 53401 | Z5: 52890 | AA5: 103002 | AB5: 88527 | AC5: 80811 | AD5: 78112 | AE5: 79394 | AF5: 74517 | AG5: 64986 | AH5: 77012 | AI5: 68290 | AJ5: 51309 | AK5: 73204 | AL5: 94475 | AM5: 93510 | AN5: 92648 | AO5: 84320 | AP5: 91078 | AQ5: 92052 | AR5: 101559 | AS5: 85167 | AT5: 94434 | AU5: 94321 | AV5: 60288 | AW5: 82172 | AX5: 97136 | AY5: 97136 | AZ5: 92523 | BA5: 74768 | BB5: 70570 | BC5: 91283 | BD5: 90881 | BE5: 88671 | BF5: 97139 | BG5: 91331 | BJ5: =+SUM(F5:Q5) -> 1020171 | BK5: =+SUM(R5:AC5) -> 1017064 | BL5: =+SUM(AD5:AO5) -> 931777 | BM5: =+SUM(AP5:BA5) -> 1062634
A6: 4 | B6: 43.3104 | C6: -2.99845 | D6: Sestao | E6: Vizcaya | F6: 26169 | G6: 23112 | H6: 27548 | I6: 29044 | J6: 29569 | K6: 35429 | L6: 22584 | M6: 26841 | N6: 27538 | O6: 27856 | P6: 29519 | Q6: 27816 | R6: 29609 | S6: 28122 | T6: 31699 | U6: 28823 | V6: 27535 | W6: 19323 | X6: 15763 | Y6: 21826 | Z6: 26249 | AA6: 9442 | AB6: 33465 | AC6: 17628 | AD6: 26826 | AE6: 29718 | AF6: 38848 | AG6: 0 | AH6: 0 | AI6: 0 | AJ6: 0 | AK6: 0 | AL6: 13285 | AM6: 46635 | AN6: 37167 | AO6: 38402 | AP6: 41461 | AQ6: 49350 | AR6: 51131 | AS6: 66690 | AT6: 68021 | AU6: 64828 | AV6: 70895 | AW6: 67011 | AX6: 47289 | AY6: 66469 | AZ6: 48831 | BA6: 7284 | BB6: 0 | BC6: 0 | BD6: 13578 | BE6: 30081 | BF6: 34281 | BG6: 31878 | BJ6: =+SUM(F6:Q6) -> 333025 | BK6: =+SUM(R6:AC6) -> 289484 | BL6: =+SUM(AD6:AO6) -> 230881 | BM6: =+SUM(AP6:BA6) -> 649260 | BU6: cod de empresa | BV6: Missings por planta | BW6: % de datos missings
A7: 5 | B7: 43.3099 | C7: -3.02077 | D7: Valle de Trapaga | E7: Vizcaya | F7: 43072 | G7: 58049 | H7: 58392 | I7: 63843 | J7: 46378 | K7: 63755 | L7: 0 | M7: 69786 | N7: 57292 | O7: 58526 | P7: 64642 | Q7: 41453 | R7: 48900 | S7: 50202 | T7: 68275 | U7: 50097 | V7: 70426 | W7: 62822 | X7: 17822 | Y7: 43220 | Z7: 55982 | AA7: 63370 | AB7: 56308 | AC7: 46389 | AD7: 59186 | AE7: 47312 | AF7: 57599 | AG7: 24103 | AH7: 47698 | AI7: 60318 | AJ7: 34110 | AK7: 20214 | AL7: 54410 | AM7: 62100 | AN7: 59023 | AO7: 41052 | AP7: 52083 | AQ7: 58524 | AR7: 60861 | AS7: 52871 | AT7: 57526 | AU7: 59247 | AV7: 45854 | AW7: 13902 | AX7: 59414 | AY7: 58968 | AZ7: 61182 | BA7: 34704 | BB7: 37701 | BC7: 39576 | BD7: 30998 | BE7: 40511 | BF7: 52883 | BG7: 43978 | BJ7: =+SUM(F7:Q7) -> 625188 | BK7: =+SUM(R7:AC7) -> 633813 | BL7: =+SUM(AD7:AO7) -> 567125 | BM7: =+SUM(AP7:BA7) -> 615136 | BU7: 1 | BV7: =+COUNTIF(F3:BG3,"") -> 0 | BW7: =+BV7/54 -> 0
A8: 6 | B8: 43.2994 | C8: =-3.00636 -> -3.00636 | D8: Sestao | E8: Vizcaya | F8: 5424 | G8: 6340 | H8: 1551 | I8: 1159 | J8: 6228 | K8: 5833 | L8: 2535 | M8: 0 | N8: 5139 | O8: 6159 | P8: 5736 | Q8: 3789 | R8: 4042 | S8: 5284 | T8: 5661 | U8: 4344 | V8: 5284 | W8: 4864 | X8: 4864 | Y8: 1321 | Z8: 6831 | AA8: 7532 | AB8: 4754 | AC8: 3779 | AD8: 5990 | AE8: 5990 | AF8: 5990 | AG8: 2364 | AH8: 4645 | AI8: 4887 | AJ8: 1807 | AK8: 248 | AL8: 5978 | AM8: 6797 | AN8: 5719 | AO8: 3630 | AP8: 2400 | AQ8: 5931 | AR8: 5741 | AS8: 3859 | AT8: 4023 | AU8: 6005 | AV8: 6674 | AW8: 799 | AX8: 6820 | AY8: 5913 | AZ8: 6262 | BA8: 6262 | BB8: 4670 | BC8: 6578 | BD8: 6279 | BE8: 3726 | BF8: 6620 | BG8: 5863 | BJ8: =+SUM(F8:Q8) -> 49893 | BK8: =+SUM(R8:AC8) -> 58560 | BL8: =+SUM(AD8:AO8) -> 54045 | BM8: =+SUM(AP8:BA8) -> 60689 | BU8: 2 | BV8: =+COUNTIF(F4:BG4,"") -> 0 | BW8: =+BV8/54 -> 0
A9: 7 | B9: 43.2687 | C9: -3.15311 | D9: Basauri | E9: Vizcaya | F9: 15701 | G9: 62504 | H9: 72169 | I9: 71660 | J9: 70368 | K9: 74399 | L9: 74649 | M9: 28587 | N9: 61337 | O9: 77214 | P9: 13913 | Q9: 46502 | R9: 46502 | S9: 69211 | T9: 92904 | U9: 72941 | V9: 70170 | W9: 74860 | X9: 67051 | Y9: 10806 | Z9: 69319 | AA9: 64021 | AB9: 63757 | AC9: 38731 | AD9: 54920 | AE9: 68486 | AF9: 68077 | AG9: 5908 | AH9: 26594 | AI9: 34263 | AJ9: 55263 | AK9: 9726 | AL9: 28207 | AM9: 48813 | AN9: 43571 | AO9: 41689 | AP9: 54414 | AQ9: 57475 | AR9: 61597 | AS9: 63677 | AT9: 64791 | AU9: 77288 | AV9: 79551 | AW9: 14912 | AX9: 57785 | AY9: 67083 | AZ9: 50437 | BA9: 34494 | BB9: 57648 | BC9: 62055 | BD9: 52080 | BE9: 69726 | BF9: 70068 | BG9: 70284 | BJ9: =+SUM(F9:Q9) -> 669003 | BK9: =+SUM(R9:AC9) -> 740273 | BL9: =+SUM(AD9:AO9) -> 485517 | BM9: =+SUM(AP9:BA9) -> 683504 | BU9: 3 | BV9: =+COUNTIF(F5:BG5,"") -> 0 | BW9: =+BV9/54 -> 0
A10: 8 | B10: 43.0776 | C10: -2.99568 | D10: Amurrio | E10: Alava | F10: 23468 | G10: 24011 | H10: 22551 | I10: 21549 | J10: 22445 | K10: 23909 | L10: 18586 | M10: 0 | N10: 19479 | O10: 19695 | P10: 16513 | Q10: 4869 | R10: 16535 | S10: 12445 | T10: 9506 | U10: 16548 | V10: 18225 | W10: 21567 | X10: 17528 | Y10: 0 | Z10: 14725 | AA10: 13454 | AB10: 15750 | AC10: 13382 | AD10: 14628 | AE10: 15279 | AF10: 11896 | AG10: 2429 | AH10: 11498 | AI10: 14045 | AJ10: 6037 | AK10: 0 | AL10: 14725 | AM10: 6379 | AN10: 2796 | AO10: 4738 | AP10: 9994 | AQ10: 10757 | AR10: 12176 | AS10: 9126 | AT10: 12528 | AU10: 15674 | AV10: 15306 | AW10: 0 | AX10: 18835 | AY10: 19295 | AZ10: 5752 | BA10: 12184 | BB10: 16102 | BC10: 17264 | BD10: 26676 | BE10: 21113 | BF10: 19645 | BG10: 21753 | BJ10: =+SUM(F10:Q10) -> 217075 | BK10: =+SUM(R10:AC10) -> 169665 | BL10: =+SUM(AD10:AO10) -> 104450 | BM10: =+SUM(AP10:BA10) -> 141627 | BU10: 4 | BV10: =+COUNTIF(F6:BG6,"") -> 0 | BW10: =+BV10/54 -> 0
BU11: 5 | BV11: =+COUNTIF(F7:BG7,"") -> 0 | BW11: =+BV11/54 -> 0
E12: Total | F12: =+SUM(F3:F10) -> 213462 | G12: =+SUM(G3:G10) -> 272117 | H12: =+SUM(H3:H10) -> 285533 | I12: =+SUM(I3:I10) -> 281484 | J12: =+SUM(J3:J10) -> 294920 | K12: =+SUM(K3:K10) -> 314859 | L12: =+SUM(L3:L10) -> 194211 | M12: =+SUM(M3:M10) -> 206862 | ... BG12: =+SUM(BG3:BG10) -> 283113 | BJ12: =+SUM(BJ3:BJ10) -> 3105580 | BK12: =+SUM(BK3:BK10) -> 3082987 | BL12: =+SUM(BL3:BL10) -> 2534153 | BM12: =+SUM(BM3:BM10) -> 3339094 | BU12: 6 | BV12: =+COUNTIF(F8:BG8,"") -> 0 | BW12: =+BV12/54 -> 0
R13: =+R12/F12*100-100 -> 19.946876 | S13: =+S12/G12*100-100 -> 0.91651753 | T13: =+T12/H12*100-100 -> 13.55395 | U13: =+U12/I12*100-100 -> -3.7725057 | V13: =+V12/J12*100-100 -> 3.2924183 | W13: =+W12/K12*100-100 -> -5.4500586 | X13: =+X12/L12*100-100 -> 12.897828 | Y13: =+Y12/M12*100-100 -> -36.878692 | ... BG13: =+BG12/AU12*100-100 -> -13.278953 | BK13: =+BK12/BJ12*100-100 -> -0.72749696 | BL13: =+BL12/BK12*100-100 -> -17.802021 | BM13: =+BM12/BL12*100-100 -> 31.76371 | BU13: 7 | BV13: =+COUNTIF(F9:BG9,"") -> 0 | BW13: =+BV13/54 -> 0
D14: Total datos | E14: =+COUNTA(F2:BA2)*8 -> 384 | BU14: 8 | BV14: =+COUNTIF(F10:BG10,"") -> 0 | BW14: =+BV14/54 -> 0
F39: 6 | G39: =+F39+1 -> 7 | H39: =+G39+1 -> 8 | I39: =+H39+1 -> 9 | J39: =+I39+1 -> 10 | K39: =+J39+1 -> 11 | L39: =+K39+1 -> 12 | M39: =+L39+1 -> 13 | N39: =+M39+1 -> 14 | ... BG39: =+BF39+1 -> 59
D40: Empresa | E40: 6 | F40: =+VLOOKUP($E40,$A$3:$BG$10,F39,0) -> 5424 | G40: =+VLOOKUP($E40,$A$3:$BG$10,G39,0) -> 6340 | H40: =+VLOOKUP($E40,$A$3:$BG$10,H39,0) -> 1551 | I40: =+VLOOKUP($E40,$A$3:$BG$10,I39,0) -> 1159 | J40: =+VLOOKUP($E40,$A$3:$BG$10,J39,0) -> 6228 | K40: =+VLOOKUP($E40,$A$3:$BG$10,K39,0) -> 5833 | L40: =+VLOOKUP($E40,$A$3:$BG$10,L39,0) -> 2535 | M40: =+VLOOKUP($E40,$A$3:$BG$10,M39,0) -> 0 | ... BG40: =+VLOOKUP($E40,$A$3:$BG$10,BG39,0) -> 5863 | BJ40: =+SUM(F40:Q40) -> 49893 | BK40: =+SUM(R40:AC40) -> 58560 | BL40: =+SUM(AD40:AO40) -> 54045 | BM40: =+SUM(AP40:BA40) -> 60689
BK41: =+BK40/BJ40*100-100 -> 17.371174 | BL41: =+BL40/BK40*100-100 -> -7.710041 | BM41: =+BM40/BL40*100-100 -> 12.293459
A43: Valores missing (o cero) | E43: =+COUNTIF(F40:BG40,0) -> 1
BI75: llk

Sheet bd_produccion
A1: year | B1: month | C1: grid_id | D1: Latitud | E1: Longitud | F1: produccion
A2: 2018 | B2: 1 | C2: 1235 | D2: 43.0349 | E2: -3.00131 | F2: 7779
A3: 2018 | B3: 2 | C3: 1235 | D3: 43.0349 | E3: -3.00131 | F3: 8650
A4: 2018 | B4: 3 | C4: 1235 | D4: 43.0349 | E4: -3.00131 | F4: 8838
A5: 2018 | B5: 4 | C5: 1235 | D5: 43.0349 | E5: -3.00131 | F5: 8262
A6: 2018 | B6: 5 | C6: 1235 | D6: 43.0349 | E6: -3.00131 | F6: 9589
A7: 2018 | B7: 6 | C7: 1235 | D7: 43.0349 | E7: -3.00131 | F7: 7861
A8: 2018 | B8: 7 | C8: 1235 | D8: 43.0349 | E8: -3.00131 | F8: 7833
A9: 2018 | B9: 8 | C9: 1235 | D9: 43.0349 | E9: -3.00131 | F9: 0
A10: 2018 | B10: 9 | C10: 1235 | D10: 43.0349 | E10: -3.00131 | F10: 7393
A11: 2018 | B11: 10 | C11: 1235 | D11: 43.0349 | E11: -3.00131 | F11: 7848
A12: 2018 | B12: 11 | C12: 1235 | D12: 43.0349 | E12: -3.00131 | F12: 7171
A13: 2018 | B13: 12 | C13: 1235 | D13: 43.0349 | E13: -3.00131 | F13: 4649
... A433: 2022 | B433: 6 | C433: 1240 | D433: 43.0776 | E433: -2.99568 | F433: 21753

Sheet bd_plantas
A1: EMPRESA | B1: Latitud | C1: Longitud | D1: localidad | E1: provincia
A2: 1 | B2: 43.0349 | C2: -3.00131 | D2: Amurrio | E2: Alava
A3: 2 | B3: 43.295011 | C3: -2.91 | D3: Loiu | E3: Vizcaya
A4: 3 | B4: 43.041698 | C4: -2.2160007 | D4: Olaberría | E4: Guipuzcoa
A5: 4 | B5: 43.3104 | C5: -2.99845 | D5: Sestao | E5: Vizcaya
A6: 5 | B6: 43.3099 | C6: -3.02077 | D6: Valle de Trapaga | E6: Vizcaya
A7: 6 | B7: 43.2994 | C7: -3.00636 | D7: Sestao | E7: Vizcaya
A8: 7 | B8: 43.2687 | C8: -3.15311 | D8: Basauri | E8: Vizcaya
A9: 8 | B9: 43.0776 | C9: -2.99568 | D9: Amurrio | E9: Alava

Sheet Contraste del indicador
B1: 2018 | N1: 2019 | Z1: 2020 | AL1: 2021 | AX1: 2022
A2: Indice B_2021 | B2: enero | C2: febrero | D2: marzo | E2: abril | F2: mayo | G2: junio | H2: julio | I2: agosto | J2: septiembre | K2: octubre | L2: noviembre | M2: diciembre | N2: enero | O2: febrero | P2: marzo | Q2: abril | R2: mayo | S2: junio | T2: julio | U2: agosto | V2: septiembre | W2: octubre | X2: noviembre | Y2: diciembre | Z2: enero | AA2: febrero | AB2: marzo | AC2: abril | AD2: mayo | AE2: junio | AF2: julio | AG2: agosto | AH2: septiembre | AI2: octubre | AJ2: noviembre | AK2: diciembre | AL2: enero | AM2: febrero | AN2: marzo | AO2: abril | AP2: mayo | AQ2: junio | AR2: julio | AS2: agosto | AT2: septiembre | AU2: octubre | AV2: noviembre | AW2: diciembre | AX2: enero | AY2: febrero | AZ2: marzo | BA2: abril | BB2: mayo | BC2: junio
A3: UNESID | B3: =+'Empresas con coordenadas'!F12/AVERAGE('Empresas con coordenadas'!$AP$12:$BA$12)*100 -> 76.713743 | C3: =+'Empresas con coordenadas'!G12/AVERAGE('Empresas con coordenadas'!$AP$12:$BA$12)*100 -> 97.793114 | D3: =+'Empresas con coordenadas'!H12/AVERAGE('Empresas con coordenadas'!$AP$12:$BA$12)*100 -> 102.61454 | E3: =+'Empresas con coordenadas'!I12/AVERAGE('Empresas con coordenadas'!$AP$12:$BA$12)*100 -> 101.15942 | F3: =+'Empresas con coordenadas'!J12/AVERAGE('Empresas con coordenadas'!$AP$12:$BA$12)*100 -> 105.98803 | G3: =+'Empresas con coordenadas'!K12/AVERAGE('Empresas con coordenadas'!$AP$12:$BA$12)*100 -> 113.15369 | H3: =+'Empresas con coordenadas'!L12/AVERAGE('Empresas con coordenadas'!$AP$12:$BA$12)*100 -> 69.79534 | I3: =+'Empresas con coordenadas'!M12/AVERAGE('Empresas con coordenadas'!$AP$12:$BA$12)*100 -> 74.341842 | ... BC3: =+'Empresas con coordenadas'!BG12/AVERAGE('Empresas con coordenadas'!$AP$12:$BA$12)*100 -> 101.74484
A4: INE_IPI_BnInt | B4: 105.48 | C4: 103.83 | D4: 106.44 | E4: 103.13 | F4: 116.31 | G4: 111.88 | H4: 107.98 | I4: 68.39 | J4: 102.47 | K4: 112.39 | L4: 105.2 | M4: 77.71 | N4: 105.79 | O4: 101.04 | P4: 107.2 | Q4: 98.64 | R4: 114.32 | S4: 103.71 | T4: 105.05 | U4: 65.09 | V4: 104.46 | W4: 111.84 | X4: 102.3 | Y4: 81.44 | Z4: 98.75 | AA4: 105.35 | AB4: 90.47 | AC4: 53.77 | AD4: 71.74 | AE4: 86.57 | AF4: 97.29 | AG4: 59.97 | AH4: 103.51 | AI4: 106.3 | AJ4: 106.16 | AK4: 84.14 | AL4: 95.91 | AM4: 102.94 | AN4: 114.67 | AO4: 100.27 | AP4: 111.12 | AQ4: 109.8 | AR4: 107.27 | AS4: 68.06 | AT4: 104.4 | AU4: 100.46 | AV4: 105.24 | AW4: 79.87 | AX4: 96.53 | AY4: 105.01 | AZ4: 111.98 | BA4: 94.26 | BB4: 115.12 | BC4: 109.26
A5: INE_IPI_Acero_Nac | B5: 109.765 | C5: 109.921 | D5: 113.611 | E5: 114.488 | F5: 117.83 | G5: 113.849 | H5: 106.448 | I5: 79.457 | J5: 106.164 | K5: 116.719 | L5: 108.51 | M5: 83.164 | N5: 107.195 | O5: 101.144 | P5: 113.321 | Q5: 103.935 | R5: 114.589 | S5: 109.712 | T5: 104.772 | U5: 71.061 | V5: 103.268 | W5: 108.92 | X5: 103.26 | Y5: 78.012 | Z5: 100.294 | AA5: 104.494 | AB5: 96.24 | AC5: 60.389 | AD5: 75.158 | AE5: 84.309 | AF5: 90.655 | AG5: 58.345 | AH5: 98.222 | AI5: 103.742 | AJ5: 103.132 | AK5: 79.221 | AL5: 95.041 | AM5: 99.922 | AN5: 113.224 | AO5: 106.197 | AP5: 112.445 | AQ5: 110.144 | AR5: 103.825 | AS5: 70.921 | AT5: 104.508 | AU5: 99.967 | AV5: 104.813 | AW5: 78.996 | AX5: 89.899 | AY5: 96.794 | AZ5: 104.209 | BA5: 93.837 | BB5: 103.856 | BC5: 95.532
N6: =+N3/B3*100-100 -> 19.946876 | O6: =+O3/C3*100-100 -> 0.91651753 | P6: =+P3/D3*100-100 -> 13.55395 | Q6: =+Q3/E3*100-100 -> -3.7725057 | R6: =+R3/F3*100-100 -> 3.2924183 | S6: =+S3/G3*100-100 -> -5.4500586 | T6: =+T3/H3*100-100 -> 12.897828 | U6: =+U3/I3*100-100 -> -36.878692 | ... BC6: =+BC3/AQ3*100-100 -> -13.278953
N7: =+N4/B4*100-100 -> 0.29389458 | O7: =+O4/C4*100-100 -> -2.6870847 | P7: =+P4/D4*100-100 -> 0.71401729 | Q7: =+Q4/E4*100-100 -> -4.3537283 | R7: =+R4/F4*100-100 -> -1.7109449 | S7: =+S4/G4*100-100 -> -7.3024669 | T7: =+T4/H4*100-100 -> -2.7134655 | U7: =+U4/I4*100-100 -> -4.8252669 | ... BC7: =+BC4/AQ4*100-100 -> -0.49180328
N8: =+N5/B5*100-100 -> -2.3413656 | O8: =+O5/C5*100-100 -> -7.9848255 | P8: =+P5/D5*100-100 -> -0.25525697 | Q8: =+Q5/E5*100-100 -> -9.2175599 | R8: =+R5/F5*100-100 -> -2.7505729 | S8: =+S5/G5*100-100 -> -3.6337605 | T8: =+T5/H5*100-100 -> -1.5744777 | U8: =+U5/I5*100-100 -> -10.566722 | ... BC8: =+BC5/AQ5*100-100 -> -13.26627
AO30: * Ambas series contienen datos de solo el País Vasco | AX30: * Ambas series contienen datos de solo el País Vasco
AL33: Correlación entre las variaciones

Sheet bd_1825
A1: grid_id | B1: year | C1: month | D1: NO2 | E1: CO | F1: SO2 | G1: O3 | H1: AAI | I1: NTL | J1: LST | K1: Prod | L1: tiene_planta | M1: =+"std_"&D1 -> std_NO2 | N1: =+"std_"&E1 -> std_CO | O1: =+"std_"&F1 -> std_SO2 | P1: =+"std_"&G1 -> std_O3 | Q1: =+"std_"&H1 -> std_AAI | R1: =+"std_"&I1 -> std_NTL | S1: =+"std_"&J1 -> std_LST | T1: =+"std_"&K1 -> std_Prod
A2: 1825 | B2: 2018 | C2: 6 | D2: 8.3e-05 | E2: 0 | F2: 0 | G2: 0 | H2: -0.558114 | I2: 18.75 | J2: 15137.75 | K2: 10863 | L2: 1 | M2: =+(D2-AVERAGE(D$2:D$50))/_xlfn.STDEV.S(D$2:D$50) -> -0.17081029 | N2: =+(E2-AVERAGE(E$2:E$50))/_xlfn.STDEV.S(E$2:E$50) -> -5.8978403 | O2: =+(F2-AVERAGE(F$2:F$50))/_xlfn.STDEV.S(F$2:F$50) -> -0.6592306 | P2: =+(G2-AVERAGE(G$2:G$50))/_xlfn.STDEV.S(G$2:G$50) -> -6.136202 | Q2: =+(H2-AVERAGE(H$2:H$50))/_xlfn.STDEV.S(H$2:H$50) -> 0.8540741 | R2: =+(I2-AVERAGE(I$2:I$50))/_xlfn.STDEV.S(I$2:I$50) -> -0.51798176 | S2: =+(J2-AVERAGE(J$2:J$50))/_xlfn.STDEV.S(J$2:J$50) -> 0.9926966 | T2: =+(K2-AVERAGE(K$2:K$50))/_xlfn.STDEV.S(K$2:K$50) -> 0.89658913
A3: 1825 | B3: 2018 | C3: 7 | D3: 8.7e-05 | E3: 0.028174 | F3: 0 | G3: 0.145458 | H3: -0.872187 | I3: 16.7575 | J3: 15288.5 | K3: 8644 | L3: 1 | M3: =+(D3-AVERAGE(D$2:D$50))/_xlfn.STDEV.S(D$2:D$50) -> 0.30072234 | N3: =+(E3-AVERAGE(E$2:E$50))/_xlfn.STDEV.S(E$2:E$50) -> -0.60433065 | O3: =+(F3-AVERAGE(F$2:F$50))/_xlfn.STDEV.S(F$2:F$50) -> -0.6592306 | P3: =+(G3-AVERAGE(G$2:G$50))/_xlfn.STDEV.S(G$2:G$50) -> 0.22015976 | Q3: =+(H3-AVERAGE(H$2:H$50))/_xlfn.STDEV.S(H$2:H$50) -> 0.14836193 | R3: =+(I3-AVERAGE(I$2:I$50))/_xlfn.STDEV.S(I$2:I$50) -> -1.0993843 | S3: =+(J3-AVERAGE(J$2:J$50))/_xlfn.STDEV.S(J$2:J$50) -> 1.3909533 | T3: =+(K3-AVERAGE(K$2:K$50))/_xlfn.STDEV.S(K$2:K$50) -> 0.14367142
A4: 1825 | B4: 2018 | C4: 8 | D4: 8.2e-05 | E4: 0.031633 | F4: 0 | G4: 0.139005 | H4: -0.590918 | I4: 24.645 | J4: 15262.5 | K4: 0 | L4: 1 | M4: =+(D4-AVERAGE(D$2:D$50))/_xlfn.STDEV.S(D$2:D$50) -> -0.28869344 | N4: =+(E4-AVERAGE(E$2:E$50))/_xlfn.STDEV.S(E$2:E$50) -> 0.045568188 | O4: =+(F4-AVERAGE(F$2:F$50))/_xlfn.STDEV.S(F$2:F$50) -> -0.6592306 | P4: =+(G4-AVERAGE(G$2:G$50))/_xlfn.STDEV.S(G$2:G$50) -> -0.061829554 | Q4: =+(H4-AVERAGE(H$2:H$50))/_xlfn.STDEV.S(H$2:H$50) -> 0.78036454 | R4: =+(I4-AVERAGE(I$2:I$50))/_xlfn.STDEV.S(I$2:I$50) -> 1.2021529 | S4: =+(J4-AVERAGE(J$2:J$50))/_xlfn.STDEV.S(J$2:J$50) -> 1.3222656 | T4: =+(K4-AVERAGE(K$2:K$50))/_xlfn.STDEV.S(K$2:K$50) -> -2.7892807
A5: 1825 | B5: 2018 | C5: 9 | D5: 9.4e-05 | E5: 0.03056 | F5: 0 | G5: 0.12979 | H5: -0.776838 | I5: 19.610001 | J5: 15113.5 | K5: 8803 | L5: 1 | M5: =+(D5-AVERAGE(D$2:D$50))/_xlfn.STDEV.S(D$2:D$50) -> 1.1259044 | N5: =+(E5-AVERAGE(E$2:E$50))/_xlfn.STDEV.S(E$2:E$50) -> -0.15603385 | O5: =+(F5-AVERAGE(F$2:F$50))/_xlfn.STDEV.S(F$2:F$50) -> -0.6592306 | P5: =+(G5-AVERAGE(G$2:G$50))/_xlfn.STDEV.S(G$2:G$50) -> -0.46451537 | Q5: =+(H5-AVERAGE(H$2:H$50))/_xlfn.STDEV.S(H$2:H$50) -> 0.36260813 | R5: =+(I5-AVERAGE(I$2:I$50))/_xlfn.STDEV.S(I$2:I$50) -> -0.26703732 | S5: =+(J5-AVERAGE(J$2:J$50))/_xlfn.STDEV.S(J$2:J$50) -> 0.92863209 | T5: =+(K5-AVERAGE(K$2:K$50))/_xlfn.STDEV.S(K$2:K$50) -> 0.1976209
A6: 1825 | B6: 2018 | C6: 10 | D6: 9.7e-05 | E6: 0.028632 | F6: 0.000258 | G6: 0.132139 | H6: -0.783714 | I6: 20.290001 | J6: 14646.667 | K6: 9921 | L6: 1 | M6: =+(D6-AVERAGE(D$2:D$50))/_xlfn.STDEV.S(D$2:D$50) -> 1.4795539 | N6: =+(E6-AVERAGE(E$2:E$50))/_xlfn.STDEV.S(E$2:E$50) -> -0.5182787 | O6: =+(F6-AVERAGE(F$2:F$50))/_xlfn.STDEV.S(F$2:F$50) -> 0.13463426 | P6: =+(G6-AVERAGE(G$2:G$50))/_xlfn.STDEV.S(G$2:G$50) -> -0.36186654 | Q6: =+(H6-AVERAGE(H$2:H$50))/_xlfn.STDEV.S(H$2:H$50) -> 0.34715798 | R6: =+(I6-AVERAGE(I$2:I$50))/_xlfn.STDEV.S(I$2:I$50) -> -0.068616361 | S6: =+(J6-AVERAGE(J$2:J$50))/_xlfn.STDEV.S(J$2:J$50) -> -0.30466472 | T6: =+(K6-AVERAGE(K$2:K$50))/_xlfn.STDEV.S(K$2:K$50) -> 0.57696385
A7: 1825 | B7: 2018 | C7: 11 | D7: 8.6e-05 | E7: 0.02792 | F7: 0 | G7: 0.135695 | H7: -0.850122 | I7: 20.8475 | J7: 14452 | K7: 9033 | L7: 1 | M7: =+(D7-AVERAGE(D$2:D$50))/_xlfn.STDEV.S(D$2:D$50) -> 0.18283918 | N7: =+(E7-AVERAGE(E$2:E$50))/_xlfn.STDEV.S(E$2:E$50) -> -0.65205378 | O7: =+(F7-AVERAGE(F$2:F$50))/_xlfn.STDEV.S(F$2:F$50) -> -0.6592306 | P7: =+(G7-AVERAGE(G$2:G$50))/_xlfn.STDEV.S(G$2:G$50) -> -0.20647308 | Q7: =+(H7-AVERAGE(H$2:H$50))/_xlfn.STDEV.S(H$2:H$50) -> 0.19794129 | R7: =+(I7-AVERAGE(I$2:I$50))/_xlfn.STDEV.S(I$2:I$50) -> 0.094059353 | S7: =+(J7-AVERAGE(J$2:J$50))/_xlfn.STDEV.S(J$2:J$50) -> -0.81894201 | T7: =+(K7-AVERAGE(K$2:K$50))/_xlfn.STDEV.S(K$2:K$50) -> 0.27566105
A8: 1825 | B8: 2018 | C8: 12 | D8: 8.5e-05 | E8: 0.031746 | F8: 0 | G8: 0.129008 | H8: -0.657812 | I8: 17.85 | J8: 14157.333 | K8: 6418 | L8: 1 | M8: =+(D8-AVERAGE(D$2:D$50))/_xlfn.STDEV.S(D$2:D$50) -> 0.064956025 | N8: =+(E8-AVERAGE(E$2:E$50))/_xlfn.STDEV.S(E$2:E$50) -> 0.066799344 | O8: =+(F8-AVERAGE(F$2:F$50))/_xlfn.STDEV.S(F$2:F$50) -> -0.6592306 | P8: =+(G8-AVERAGE(G$2:G$50))/_xlfn.STDEV.S(G$2:G$50) -> -0.49868795 | Q8: =+(H8-AVERAGE(H$2:H$50))/_xlfn.STDEV.S(H$2:H$50) -> 0.63005582 | R8: =+(I8-AVERAGE(I$2:I$50))/_xlfn.STDEV.S(I$2:I$50) -> -0.78059774 | S8: =+(J8-AVERAGE(J$2:J$50))/_xlfn.STDEV.S(J$2:J$50) -> -1.5974028 | T8: =+(K8-AVERAGE(K$2:K$50))/_xlfn.STDEV.S(K$2:K$50) -> -0.61162143
A9: 1825 | B9: 2019 | C9: 1 | D9: 5.9e-05 | E9: 0.031699 | F9: 0 | G9: 0.136031 | H9: -0.701055 | I9: 13.97 | J9: 14188.333 | K9: 9717 | L9: 1 | M9: =+(D9-AVERAGE(D$2:D$50))/_xlfn.STDEV.S(D$2:D$50) -> -3.000006 | N9: =+(E9-AVERAGE(E$2:E$50))/_xlfn.STDEV.S(E$2:E$50) -> 0.057968686 | O9: =+(F9-AVERAGE(F$2:F$50))/_xlfn.STDEV.S(F$2:F$50) -> -0.6592306 | P9: =+(G9-AVERAGE(G$2:G$50))/_xlfn.STDEV.S(G$2:G$50) -> -0.19179023 | Q9: =+(H9-AVERAGE(H$2:H$50))/_xlfn.STDEV.S(H$2:H$50) -> 0.53289016 | R9: =+(I9-AVERAGE(I$2:I$50))/_xlfn.STDEV.S(I$2:I$50) -> -1.9127644 | S9: =+(J9-AVERAGE(J$2:J$50))/_xlfn.STDEV.S(J$2:J$50) -> -1.5155059 | T9: =+(K9-AVERAGE(K$2:K$50))/_xlfn.STDEV.S(K$2:K$50) -> 0.50774564
A10: 1825 | B10: 2019 | C10: 2 | D10: 0.0001 | E10: 0.033398 | F10: 0.000806 | G10: 0.136644 | H10: -0.947454 | I10: 24.0825 | J10: 14515.25 | K10: 8589 | L10: 1 | M10: =+(D10-AVERAGE(D$2:D$50))/_xlfn.STDEV.S(D$2:D$50) -> 1.8332034 | N10: =+(E10-AVERAGE(E$2:E$50))/_xlfn.STDEV.S(E$2:E$50) -> 0.37718757 | O10: =+(F10-AVERAGE(F$2:F$50))/_xlfn.STDEV.S(F$2:F$50) -> 1.8208278 | P10: =+(G10-AVERAGE(G$2:G$50))/_xlfn.STDEV.S(G$2:G$50) -> -0.16500277 | Q10: =+(H10-AVERAGE(H$2:H$50))/_xlfn.STDEV.S(H$2:H$50) -> -0.02076066 | R10: =+(I10-AVERAGE(I$2:I$50))/_xlfn.STDEV.S(I$2:I$50) -> 1.0380179 | S10: =+(J10-AVERAGE(J$2:J$50))/_xlfn.STDEV.S(J$2:J$50) -> -0.65184592 | T10: =+(K10-AVERAGE(K$2:K$50))/_xlfn.STDEV.S(K$2:K$50) -> 0.12500964
A11: 1825 | B11: 2019 | C11: 3 | D11: 8.5e-05 | E11: 0.036183 | F11: 0.000436 | G11: 0.146564 | H11: -1.128493 | I11: 18.915001 | J11: 14658 | K11: 7430 | L11: 1 | M11: =+(D11-AVERAGE(D$2:D$50))/_xlfn.STDEV.S(D$2:D$50) -> 0.064956025 | N11: =+(E11-AVERAGE(E$2:E$50))/_xlfn.STDEV.S(E$2:E$50) -> 0.90045101 | O11: =+(F11-AVERAGE(F$2:F$50))/_xlfn.STDEV.S(F$2:F$50) -> 0.68233947 | P11: =+(G11-AVERAGE(G$2:G$50))/_xlfn.STDEV.S(G$2:G$50) -> 0.2684908 | Q11: =+(H11-AVERAGE(H$2:H$50))/_xlfn.STDEV.S(H$2:H$50) -> -0.42754961 | R11: =+(I11-AVERAGE(I$2:I$50))/_xlfn.STDEV.S(I$2:I$50) -> -0.46983521 | S11: =+(J11-AVERAGE(J$2:J$50))/_xlfn.STDEV.S(J$2:J$50) -> -0.27472392 | T11: =+(K11-AVERAGE(K$2:K$50))/_xlfn.STDEV.S(K$2:K$50) -> -0.26824481
A12: 1825 | B12: 2019 | C12: 4 | D12: 9e-05 | E12: 0.035266 | F12: 5.7e-05 | G12: 0.165786 | H12: -1.025983 | I12: 21.705 | J12: 14816 | K12: 8235 | L12: 1 | M12: =+(D12-AVERAGE(D$2:D$50))/_xlfn.STDEV.S(D$2:D$50) -> 0.6543718 | N12: =+(E12-AVERAGE(E$2:E$50))/_xlfn.STDEV.S(E$2:E$50) -> 0.72815924 | O12: =+(F12-AVERAGE(F$2:F$50))/_xlfn.STDEV.S(F$2:F$50) -> -0.48384186 | P12: =+(G12-AVERAGE(G$2:G$50))/_xlfn.STDEV.S(G$2:G$50) -> 1.108472 | Q12: =+(H12-AVERAGE(H$2:H$50))/_xlfn.STDEV.S(H$2:H$50) -> -0.19721286 | R12: =+(I12-AVERAGE(I$2:I$50))/_xlfn.STDEV.S(I$2:I$50) -> 0.34427402 | S12: =+(J12-AVERAGE(J$2:J$50))/_xlfn.STDEV.S(J$2:J$50) -> 0.14268607 | T12: =+(K12-AVERAGE(K$2:K$50))/_xlfn.STDEV.S(K$2:K$50) -> 0.0048956859
A13: 1825 | B13: 2019 | C13: 5 | D13: 9.4e-05 | E13: 0.033586 | F13: 0.000344 | G13: 0.155769 | H13: -1.103135 | I13: 24.985001 | J13: 15056.5 | K13: 10506 | L13: 1 | M13: =+(D13-AVERAGE(D$2:D$50))/_xlfn.STDEV.S(D$2:D$50) -> 1.1259044 | N13: =+(E13-AVERAGE(E$2:E$50))/_xlfn.STDEV.S(E$2:E$50) -> 0.4125102 | O13: =+(F13-AVERAGE(F$2:F$50))/_xlfn.STDEV.S(F$2:F$50) -> 0.39925588 | P13: =+(G13-AVERAGE(G$2:G$50))/_xlfn.STDEV.S(G$2:G$50) -> 0.67073963 | Q13: =+(H13-AVERAGE(H$2:H$50))/_xlfn.STDEV.S(H$2:H$50) -> -0.37057098 | R13: =+(I13-AVERAGE(I$2:I$50))/_xlfn.STDEV.S(I$2:I$50) -> 1.3013636 | S13: =+(J13-AVERAGE(J$2:J$50))/_xlfn.STDEV.S(J$2:J$50) -> 0.77804748 | T13: =+(K13-AVERAGE(K$2:K$50))/_xlfn.STDEV.S(K$2:K$50) -> 0.77545726
... A50: 1825 | B50: 2022 | C50: 6 | D50: 8.9e-05 | E50: 0.028015 | F50: 0.000194 | G50: 0.144238 | H50: -0.202756 | I50: 17.717501 | J50: 15132.25 | K50: 11047 | L50: 1 | M50: =+(D50-AVERAGE(D$2:D$50))/_xlfn.STDEV.S(D$2:D$50) -> 0.53648865 | N50: =+(E50-AVERAGE(E$2:E$50))/_xlfn.STDEV.S(E$2:E$50) -> -0.63420457 | O50: =+(F50-AVERAGE(F$2:F$50))/_xlfn.STDEV.S(F$2:F$50) -> -0.062293462 | P50: =+(G50-AVERAGE(G$2:G$50))/_xlfn.STDEV.S(G$2:G$50) -> 0.16684705 | Q50: =+(H50-AVERAGE(H$2:H$50))/_xlfn.STDEV.S(H$2:H$50) -> 1.6525524 | R50: =+(I50-AVERAGE(I$2:I$50))/_xlfn.STDEV.S(I$2:I$50) -> -0.81926035 | S50: =+(J50-AVERAGE(J$2:J$50))/_xlfn.STDEV.S(J$2:J$50) -> 0.97816651 | T50: =+(K50-AVERAGE(K$2:K$50))/_xlfn.STDEV.S(K$2:K$50) -> 0.95902124
A51: 1825 | B51: 2022 | C51: 7 | D51: 8.7e-05 | E51: 0.029504 | F51: 0.000201 | G51: 0.140329 | H51: -0.043492 | I51: 25.5075 | J51: 15389.5 | L51: 1
A52: 1825 | B52: 2022 | C52: 8 | D52: 8.8e-05 | E52: 0.026926 | F52: 0.000127 | G52: 0.139578 | H52: -0.378648 | I52: 18.567499 | J52: 15313 | L52: 1
A53: 1825 | B53: 2022 | C53: 9 | D53: 8.5e-05 | E53: 0.027564 | F53: 3e-05 | G53: 0.139337 | H53: -0.437301 | I53: 19.440001 | J53: 15017.25 | L53: 1
A54: 1825 | B54: 2022 | C54: 10 | D54: 0.0001 | E54: 0.025626 | F54: 0.000691 | G54: 0.126908 | H54: -0.292094 | I54: 21.494999 | J54: 14866 | L54: 1
A55: 1825 | B55: 2022 | C55: 11 | D55: 8.1e-05 | E55: 0.027182 | F55: 0.003164 | G55: 0.127418 | H55: -0.183037 | I55: 12.4975 | J55: 14577 | L55: 1
A56: 1825 | B56: 2022 | C56: 12 | D56: 9.4e-05 | E56: 0.029244 | F56: 0 | G56: 0.131251 | H56: -0.229915 | I56: 27.24 | J56: 14369.25 | L56: 1

Sheet PRTR
A1: Comunidad autónoma:País Vasco
A2: Provincia:todas
A3: Actividades:2.- Producción y transformación de metales
A4: Categorías:, 2.b.Producción de fundición o aceros brutos (capacidad > 2,5 t/h)
A5: Demarcación hidrográfica:todas
A6: complejos registrados:todos
A7: estado:todas
A8: Código PRTR | B8: Nombre del complejo | C8: Dirección | D8: Código postal | E8: Provincia | F8: Comunidad autónoma | G8: Latitud | H8: longitud | I8: En UNESID | J8: En funcionamiento
A9: 3630 | B9: ACERÍA DE ÁLAVA, S.A. | C9: SARATXO | D9: 1470 | E9: Alava | F9: País Vasco | G9: 43.034445 | H9: -2.999828 | I9: 1 | J9: si
A10: 3641 | B10: SIDENOR INDUSTRIAL, S.L. (FABRICA DE BASAURI) | C10: BARRIO DE UGARTE | D10: 48970 | E10: Vizcaya | F10: País Vasco | G10: 43.268739 | H10: -3.153114 | I10: 7 | J10: si
A11: 3645 | B11: CAF-BEASAIN | C11: JOSÉ MIGUEL ITURRIOZ | D11: 20200 | E11: Guipúzcoa | F11: País Vasco | G11: 43.054997 | H11: -2.186798 | I11: 99 | J11: si
A12: 3673 | B12: ARCELOR OLABERRIA, S.L. (ACERALIA PERFILES OLABERRÍA, S.L.) | C12: CARRETERA NACIONAL I MADRID-IRÚN | D12: 20212 | E12: Guipúzcoa | F12: País Vasco | G12: 43.041305 | H12: -2.214624 | I12: 3 | J12: si
A13: 3675 | B13: GERDAU ACEROS ESPECIALES EUROPA, S.L. (AZKOITIA) | C13: ZUMÁRRAGA | D13: 20720 | E13: Guipúzcoa | F13: País Vasco | G13: 43.171457 | H13: -2.32289 | I13: 99 | J13: si
A14: 3676 | B14: CORRUGADOS AZPEITIA | C14: FORU IBILBIDEA | D14: 20730 | E14: Guipúzcoa | F14: País Vasco | G14: 43.186042 | H14: -2.261653 | I14: 99 | J14: si
A15: 3685 | B15: GIPUZKOAKO ZEPA SIDERURGIKOA, S.L. (PLANTA ZUMARRAGA) | C15: ARTIZ, | D15: 20700 | E15: Guipúzcoa | F15: País Vasco | G15: 43.086877 | H15: -2.317325 | I15: 99 | J15: si
A16: 3694 | B16: TUBOS REUNIDOS INDUSTRIAL S.L.U. | C16: SAGARRIBAI | D16: 1470 | E16: Alava | F16: País Vasco | G16: 43.077646 | H16: -2.995679 | I16: 8 | J16: si
A17: 3723 | B17: ACEROS INOXIDABLES OLARRA, S.A. (ACEROS INOXIDABLES OLARRA) | C17: LARRABARRI | D17: 48180 | E17: Vizcaya | F17: País Vasco | G17: 43.297136 | H17: -2.908521 | I17: 6 | J17: si
A18: 3724 | B18: ARCELORMITTAL SESTAO, S.L. | C18: CHAVARRI | D18: 48910 | E18: Vizcaya | F18: País Vasco | G18: 43.311945 | H18: -2.991646 | I18: 4 | J18: si
A19: 3733 | B19: NERVACERO , S.A. (NERVACERO) | C19: BALLONTI | D19: 48510 | E19: Vizcaya | F19: País Vasco | G19: 43.309876 | H19: -3.020769 | I19: 5 | J19: si
A20: 4611 | B20: ACERALIA PERFILES BERGARA, S.A. (ACERALIA PERFILES BERGARA, S.A.) | C20: IBARRA, | D20: 20570 | E20: Guipúzcoa | F20: País Vasco | G20: 43.105352 | H20: -2.424365 | I20: 99 | J20: si
A21: 4691 | B21: GSB ACERO, S.A. (GSB ACERO, S.A.-LEGAZPIA) | C21: UROLA | D21: 20230 | E21: Guipúzcoa | F21: País Vasco | G21: 43.173432 | H21: -2.320395 | I21: 99 | J21: no
A22: 4737 | B22: PRODUCTOS TUBULARES , S.A. (PRODUCTOS TUBULARES (CENTRO DE ACERÍA)) | C22: VEGA VIEJA | D22: 48910 | E22: Vizcaya | F22: País Vasco | G22: 43.29941 | H22: -3.006364 | I22: 2 | J22: si
